intent,text
admission,"What are the admission requirements"
admission,"Please tell me What are the admission requirements"
admission,"Can you tell me What are the admission requirements"
admission,"I want to know What are the admission requirements"
admission,"May I ask What are the admission requirements"
admission,"How can I apply for admission"
admission,"Please tell me How can I apply for admission"
admission,"Can you tell me How can I apply for admission"
admission,"I want to know How can I apply for admission"
admission,"May I ask How can I apply for admission"
admission,"What documents are needed for a new applicant"
admission,"Please tell me What documents are needed for a new applicant"
admission,"Can you tell me What documents are needed for a new applicant"
admission,"I want to know What documents are needed for a new applicant"
admission,"May I ask What documents are needed for a new applicant"
admission,"How do I become a new student"
admission,"Please tell me How do I become a new student"
admission,"Can you tell me How do I become a new student"
admission,"I want to know How do I become a new student"
admission,"May I ask How do I become a new student"
admission,"Where can I submit admission requirements"
admission,"Please tell me Where can I submit admission requirements"
admission,"Can you tell me Where can I submit admission requirements"
admission,"I want to know Where can I submit admission requirements"
admission,"May I ask Where can I submit admission requirements"
admission,"What are the requirements for freshmen"
admission,"Please tell me What are the requirements for freshmen"
admission,"Can you tell me What are the requirements for freshmen"
admission,"I want to know What are the requirements for freshmen"
admission,"May I ask What are the requirements for freshmen"
admission,"How do I apply to Core Gateway College"
admission,"Please tell me How do I apply to Core Gateway College"
admission,"Can you tell me How do I apply to Core Gateway College"
admission,"I want to know How do I apply to Core Gateway College"
admission,"May I ask How do I apply to Core Gateway College"
admission,"Can I ask about the admission process"
admission,"Please tell me Can I ask about the admission process"
admission,"Can you tell me Can I ask about the admission process"
admission,"I want to know Can I ask about the admission process"
admission,"May I ask Can I ask about the admission process"
admission,"Where do I start my application"
admission,"Please tell me Where do I start my application"
admission,"Can you tell me Where do I start my application"
admission,"I want to know Where do I start my application"
admission,"May I ask Where do I start my application"
admission,"What do I need to apply"
admission,"Please tell me What do I need to apply"
admission,"Can you tell me What do I need to apply"
admission,"I want to know What do I need to apply"
admission,"May I ask What do I need to apply"
admission,"How can a new student apply"
admission,"Please tell me How can a new student apply"
admission,"Can you tell me How can a new student apply"
admission,"I want to know How can a new student apply"
admission,"May I ask How can a new student apply"
admission,"Where should freshmen go for admission"
admission,"Please tell me Where should freshmen go for admission"
admission,"Can you tell me Where should freshmen go for admission"
admission,"I want to know Where should freshmen go for admission"
admission,"May I ask Where should freshmen go for admission"
admission,"What papers are needed to apply"
admission,"Please tell me What papers are needed to apply"
admission,"Can you tell me What papers are needed to apply"
admission,"I want to know What papers are needed to apply"
admission,"May I ask What papers are needed to apply"
admission,"How do I get admitted to the college"
admission,"Please tell me How do I get admitted to the college"
admission,"Can you tell me How do I get admitted to the college"
admission,"I want to know How do I get admitted to the college"
admission,"May I ask How do I get admitted to the college"
admission,"Where can I ask about admissions"
admission,"Please tell me Where can I ask about admissions"
admission,"Can you tell me Where can I ask about admissions"
admission,"I want to know Where can I ask about admissions"
admission,"May I ask Where can I ask about admissions"
admission,"What is the application process"
admission,"Please tell me What is the application process"
admission,"Can you tell me What is the application process"
admission,"I want to know What is the application process"
admission,"May I ask What is the application process"
admission,"How do I submit my application"
admission,"Please tell me How do I submit my application"
admission,"Can you tell me How do I submit my application"
admission,"I want to know How do I submit my application"
admission,"May I ask How do I submit my application"
admission,"What requirements do I need before applying"
admission,"Please tell me What requirements do I need before applying"
admission,"Can you tell me What requirements do I need before applying"
admission,"I want to know What requirements do I need before applying"
admission,"May I ask What requirements do I need before applying"
admission,"Can I apply as a new student"
admission,"Please tell me Can I apply as a new student"
admission,"Can you tell me Can I apply as a new student"
admission,"I want to know Can I apply as a new student"
admission,"May I ask Can I apply as a new student"
admission,"Where can I get admission information"
admission,"Please tell me Where can I get admission information"
admission,"Can you tell me Where can I get admission information"
admission,"I want to know Where can I get admission information"
admission,"May I ask Where can I get admission information"
tuition,"How much is the tuition fee"
tuition,"Please tell me How much is the tuition fee"
tuition,"Can you tell me How much is the tuition fee"
tuition,"I want to know How much is the tuition fee"
tuition,"May I ask How much is the tuition fee"
tuition,"How much do I need to pay for tuition"
tuition,"Please tell me How much do I need to pay for tuition"
tuition,"Can you tell me How much do I need to pay for tuition"
tuition,"I want to know How much do I need to pay for tuition"
tuition,"May I ask How much do I need to pay for tuition"
tuition,"Where can I pay my tuition fee"
tuition,"Please tell me Where can I pay my tuition fee"
tuition,"Can you tell me Where can I pay my tuition fee"
tuition,"I want to know Where can I pay my tuition fee"
tuition,"May I ask Where can I pay my tuition fee"
tuition,"What is the school tuition"
tuition,"Please tell me What is the school tuition"
tuition,"Can you tell me What is the school tuition"
tuition,"I want to know What is the school tuition"
tuition,"May I ask What is the school tuition"
tuition,"How much is my semester tuition"
tuition,"Please tell me How much is my semester tuition"
tuition,"Can you tell me How much is my semester tuition"
tuition,"I want to know How much is my semester tuition"
tuition,"May I ask How much is my semester tuition"
tuition,"What are the payment options for tuition"
tuition,"Please tell me What are the payment options for tuition"
tuition,"Can you tell me What are the payment options for tuition"
tuition,"I want to know What are the payment options for tuition"
tuition,"May I ask What are the payment options for tuition"
tuition,"Can I pay tuition at the cashier"
tuition,"Please tell me Can I pay tuition at the cashier"
tuition,"Can you tell me Can I pay tuition at the cashier"
tuition,"I want to know Can I pay tuition at the cashier"
tuition,"May I ask Can I pay tuition at the cashier"
tuition,"How do I pay my school fees"
tuition,"Please tell me How do I pay my school fees"
tuition,"Can you tell me How do I pay my school fees"
tuition,"I want to know How do I pay my school fees"
tuition,"May I ask How do I pay my school fees"
tuition,"How much is tuition this semester"
tuition,"Please tell me How much is tuition this semester"
tuition,"Can you tell me How much is tuition this semester"
tuition,"I want to know How much is tuition this semester"
tuition,"May I ask How much is tuition this semester"
tuition,"Where do I settle my tuition"
tuition,"Please tell me Where do I settle my tuition"
tuition,"Can you tell me Where do I settle my tuition"
tuition,"I want to know Where do I settle my tuition"
tuition,"May I ask Where do I settle my tuition"
tuition,"What are the school fees"
tuition,"Please tell me What are the school fees"
tuition,"Can you tell me What are the school fees"
tuition,"I want to know What are the school fees"
tuition,"May I ask What are the school fees"
tuition,"How much money should I prepare for tuition"
tuition,"Please tell me How much money should I prepare for tuition"
tuition,"Can you tell me How much money should I prepare for tuition"
tuition,"I want to know How much money should I prepare for tuition"
tuition,"May I ask How much money should I prepare for tuition"
tuition,"Where can students pay school fees"
tuition,"Please tell me Where can students pay school fees"
tuition,"Can you tell me Where can students pay school fees"
tuition,"I want to know Where can students pay school fees"
tuition,"May I ask Where can students pay school fees"
tuition,"What payment methods are available"
tuition,"Please tell me What payment methods are available"
tuition,"Can you tell me What payment methods are available"
tuition,"I want to know What payment methods are available"
tuition,"May I ask What payment methods are available"
tuition,"Can I pay my tuition at school"
tuition,"Please tell me Can I pay my tuition at school"
tuition,"Can you tell me Can I pay my tuition at school"
tuition,"I want to know Can I pay my tuition at school"
tuition,"May I ask Can I pay my tuition at school"
tuition,"Where is the cashier for tuition"
tuition,"Please tell me Where is the cashier for tuition"
tuition,"Can you tell me Where is the cashier for tuition"
tuition,"I want to know Where is the cashier for tuition"
tuition,"May I ask Where is the cashier for tuition"
tuition,"How much will I pay for school"
tuition,"Please tell me How much will I pay for school"
tuition,"Can you tell me How much will I pay for school"
tuition,"I want to know How much will I pay for school"
tuition,"May I ask How much will I pay for school"
tuition,"What is the tuition cost"
tuition,"Please tell me What is the tuition cost"
tuition,"Can you tell me What is the tuition cost"
tuition,"I want to know What is the tuition cost"
tuition,"May I ask What is the tuition cost"
tuition,"Where do I ask about tuition fees"
tuition,"Please tell me Where do I ask about tuition fees"
tuition,"Can you tell me Where do I ask about tuition fees"
tuition,"I want to know Where do I ask about tuition fees"
tuition,"May I ask Where do I ask about tuition fees"
tuition,"Can you give me tuition information"
tuition,"Please tell me Can you give me tuition information"
tuition,"Can you tell me Can you give me tuition information"
tuition,"I want to know Can you give me tuition information"
tuition,"May I ask Can you give me tuition information"
courses,"What courses are offered"
courses,"Please tell me What courses are offered"
courses,"Can you tell me What courses are offered"
courses,"I want to know What courses are offered"
courses,"May I ask What courses are offered"
courses,"What programs does the college offer"
courses,"Please tell me What programs does the college offer"
courses,"Can you tell me What programs does the college offer"
courses,"I want to know What programs does the college offer"
courses,"May I ask What programs does the college offer"
courses,"What degree programs are available"
courses,"Please tell me What degree programs are available"
courses,"Can you tell me What degree programs are available"
courses,"I want to know What degree programs are available"
courses,"May I ask What degree programs are available"
courses,"What courses can I take"
courses,"Please tell me What courses can I take"
courses,"Can you tell me What courses can I take"
courses,"I want to know What courses can I take"
courses,"May I ask What courses can I take"
courses,"Do you have a computer science course"
courses,"Please tell me Do you have a computer science course"
courses,"Can you tell me Do you have a computer science course"
courses,"I want to know Do you have a computer science course"
courses,"May I ask Do you have a computer science course"
courses,"What programs are available for students"
courses,"Please tell me What programs are available for students"
courses,"Can you tell me What programs are available for students"
courses,"I want to know What programs are available for students"
courses,"May I ask What programs are available for students"
courses,"Which courses are offered by the school"
courses,"Please tell me Which courses are offered by the school"
courses,"Can you tell me Which courses are offered by the school"
courses,"I want to know Which courses are offered by the school"
courses,"May I ask Which courses are offered by the school"
courses,"What are the available academic programs"
courses,"Please tell me What are the available academic programs"
courses,"Can you tell me What are the available academic programs"
courses,"I want to know What are the available academic programs"
courses,"May I ask What are the available academic programs"
courses,"What degree can I take"
courses,"Please tell me What degree can I take"
courses,"Can you tell me What degree can I take"
courses,"I want to know What degree can I take"
courses,"May I ask What degree can I take"
courses,"What programs can I choose"
courses,"Please tell me What programs can I choose"
courses,"Can you tell me What programs can I choose"
courses,"I want to know What programs can I choose"
courses,"May I ask What programs can I choose"
courses,"What are the college courses"
courses,"Please tell me What are the college courses"
courses,"Can you tell me What are the college courses"
courses,"I want to know What are the college courses"
courses,"May I ask What are the college courses"
courses,"Which degree programs does the school have"
courses,"Please tell me Which degree programs does the school have"
courses,"Can you tell me Which degree programs does the school have"
courses,"I want to know Which degree programs does the school have"
courses,"May I ask Which degree programs does the school have"
courses,"What can I study at the college"
courses,"Please tell me What can I study at the college"
courses,"Can you tell me What can I study at the college"
courses,"I want to know What can I study at the college"
courses,"May I ask What can I study at the college"
courses,"What academic programs are offered"
courses,"Please tell me What academic programs are offered"
courses,"Can you tell me What academic programs are offered"
courses,"I want to know What academic programs are offered"
courses,"May I ask What academic programs are offered"
courses,"What courses are available this school"
courses,"Please tell me What courses are available this school"
courses,"Can you tell me What courses are available this school"
courses,"I want to know What courses are available this school"
courses,"May I ask What courses are available this school"
courses,"Does the college offer BSCS"
courses,"Please tell me Does the college offer BSCS"
courses,"Can you tell me Does the college offer BSCS"
courses,"I want to know Does the college offer BSCS"
courses,"May I ask Does the college offer BSCS"
courses,"What are the available degrees"
courses,"Please tell me What are the available degrees"
courses,"Can you tell me What are the available degrees"
courses,"I want to know What are the available degrees"
courses,"May I ask What are the available degrees"
courses,"Can I see the list of courses"
courses,"Please tell me Can I see the list of courses"
courses,"Can you tell me Can I see the list of courses"
courses,"I want to know Can I see the list of courses"
courses,"May I ask Can I see the list of courses"
courses,"What programs can students enroll in"
courses,"Please tell me What programs can students enroll in"
courses,"Can you tell me What programs can students enroll in"
courses,"I want to know What programs can students enroll in"
courses,"May I ask What programs can students enroll in"
courses,"Tell me about the college programs"
courses,"Please tell me Tell me about the college programs"
courses,"Can you tell me Tell me about the college programs"
courses,"I want to know Tell me about the college programs"
courses,"May I ask Tell me about the college programs"
enrollment,"How do I enroll"
enrollment,"Please tell me How do I enroll"
enrollment,"Can you tell me How do I enroll"
enrollment,"I want to know How do I enroll"
enrollment,"May I ask How do I enroll"
enrollment,"What is the enrollment process"
enrollment,"Please tell me What is the enrollment process"
enrollment,"Can you tell me What is the enrollment process"
enrollment,"I want to know What is the enrollment process"
enrollment,"May I ask What is the enrollment process"
enrollment,"When can I enroll"
enrollment,"Please tell me When can I enroll"
enrollment,"Can you tell me When can I enroll"
enrollment,"I want to know When can I enroll"
enrollment,"May I ask When can I enroll"
enrollment,"How can I register for classes"
enrollment,"Please tell me How can I register for classes"
enrollment,"Can you tell me How can I register for classes"
enrollment,"I want to know How can I register for classes"
enrollment,"May I ask How can I register for classes"
enrollment,"What are the steps for enrollment"
enrollment,"Please tell me What are the steps for enrollment"
enrollment,"Can you tell me What are the steps for enrollment"
enrollment,"I want to know What are the steps for enrollment"
enrollment,"May I ask What are the steps for enrollment"
enrollment,"How do I register"
enrollment,"Please tell me How do I register"
enrollment,"Can you tell me How do I register"
enrollment,"I want to know How do I register"
enrollment,"May I ask How do I register"
enrollment,"When does enrollment start"
enrollment,"Please tell me When does enrollment start"
enrollment,"Can you tell me When does enrollment start"
enrollment,"I want to know When does enrollment start"
enrollment,"May I ask When does enrollment start"
enrollment,"Where do I enroll"
enrollment,"Please tell me Where do I enroll"
enrollment,"Can you tell me Where do I enroll"
enrollment,"I want to know Where do I enroll"
enrollment,"May I ask Where do I enroll"
enrollment,"What do I need to enroll"
enrollment,"Please tell me What do I need to enroll"
enrollment,"Can you tell me What do I need to enroll"
enrollment,"I want to know What do I need to enroll"
enrollment,"May I ask What do I need to enroll"
enrollment,"How can I complete enrollment"
enrollment,"Please tell me How can I complete enrollment"
enrollment,"Can you tell me How can I complete enrollment"
enrollment,"I want to know How can I complete enrollment"
enrollment,"May I ask How can I complete enrollment"
enrollment,"How do I register for the semester"
enrollment,"Please tell me How do I register for the semester"
enrollment,"Can you tell me How do I register for the semester"
enrollment,"I want to know How do I register for the semester"
enrollment,"May I ask How do I register for the semester"
enrollment,"What is the registration procedure"
enrollment,"Please tell me What is the registration procedure"
enrollment,"Can you tell me What is the registration procedure"
enrollment,"I want to know What is the registration procedure"
enrollment,"May I ask What is the registration procedure"
enrollment,"Where can I process enrollment"
enrollment,"Please tell me Where can I process enrollment"
enrollment,"Can you tell me Where can I process enrollment"
enrollment,"I want to know Where can I process enrollment"
enrollment,"May I ask Where can I process enrollment"
enrollment,"Can I enroll online"
enrollment,"Please tell me Can I enroll online"
enrollment,"Can you tell me Can I enroll online"
enrollment,"I want to know Can I enroll online"
enrollment,"May I ask Can I enroll online"
enrollment,"How do students enroll"
enrollment,"Please tell me How do students enroll"
enrollment,"Can you tell me How do students enroll"
enrollment,"I want to know How do students enroll"
enrollment,"May I ask How do students enroll"
enrollment,"What are the enrollment requirements"
enrollment,"Please tell me What are the enrollment requirements"
enrollment,"Can you tell me What are the enrollment requirements"
enrollment,"I want to know What are the enrollment requirements"
enrollment,"May I ask What are the enrollment requirements"
enrollment,"When is student registration"
enrollment,"Please tell me When is student registration"
enrollment,"Can you tell me When is student registration"
enrollment,"I want to know When is student registration"
enrollment,"May I ask When is student registration"
enrollment,"How do I sign up for classes"
enrollment,"Please tell me How do I sign up for classes"
enrollment,"Can you tell me How do I sign up for classes"
enrollment,"I want to know How do I sign up for classes"
enrollment,"May I ask How do I sign up for classes"
enrollment,"Where do I register for subjects"
enrollment,"Please tell me Where do I register for subjects"
enrollment,"Can you tell me Where do I register for subjects"
enrollment,"I want to know Where do I register for subjects"
enrollment,"May I ask Where do I register for subjects"
enrollment,"Tell me the enrollment steps"
enrollment,"Please tell me Tell me the enrollment steps"
enrollment,"Can you tell me Tell me the enrollment steps"
enrollment,"I want to know Tell me the enrollment steps"
enrollment,"May I ask Tell me the enrollment steps"
registrar,"Where is the registrar"
registrar,"Please tell me Where is the registrar"
registrar,"Can you tell me Where is the registrar"
registrar,"I want to know Where is the registrar"
registrar,"May I ask Where is the registrar"
registrar,"How can I request school records"
registrar,"Please tell me How can I request school records"
registrar,"Can you tell me How can I request school records"
registrar,"I want to know How can I request school records"
registrar,"May I ask How can I request school records"
registrar,"Where can I get my transcript"
registrar,"Please tell me Where can I get my transcript"
registrar,"Can you tell me Where can I get my transcript"
registrar,"I want to know Where can I get my transcript"
registrar,"May I ask Where can I get my transcript"
registrar,"Who handles student records"
registrar,"Please tell me Who handles student records"
registrar,"Can you tell me Who handles student records"
registrar,"I want to know Who handles student records"
registrar,"May I ask Who handles student records"
registrar,"Where do I request documents"
registrar,"Please tell me Where do I request documents"
registrar,"Can you tell me Where do I request documents"
registrar,"I want to know Where do I request documents"
registrar,"May I ask Where do I request documents"
registrar,"How can I get a certificate"
registrar,"Please tell me How can I get a certificate"
registrar,"Can you tell me How can I get a certificate"
registrar,"I want to know How can I get a certificate"
registrar,"May I ask How can I get a certificate"
registrar,"Where can I ask for school documents"
registrar,"Please tell me Where can I ask for school documents"
registrar,"Can you tell me Where can I ask for school documents"
registrar,"I want to know Where can I ask for school documents"
registrar,"May I ask Where can I ask for school documents"
registrar,"How do I request my records"
registrar,"Please tell me How do I request my records"
registrar,"Can you tell me How do I request my records"
registrar,"I want to know How do I request my records"
registrar,"May I ask How do I request my records"
registrar,"Who can help with registrar concerns"
registrar,"Please tell me Who can help with registrar concerns"
registrar,"Can you tell me Who can help with registrar concerns"
registrar,"I want to know Who can help with registrar concerns"
registrar,"May I ask Who can help with registrar concerns"
registrar,"Where is the registrar office"
registrar,"Please tell me Where is the registrar office"
registrar,"Can you tell me Where is the registrar office"
registrar,"I want to know Where is the registrar office"
registrar,"May I ask Where is the registrar office"
registrar,"Can I request my transcript"
registrar,"Please tell me Can I request my transcript"
registrar,"Can you tell me Can I request my transcript"
registrar,"I want to know Can I request my transcript"
registrar,"May I ask Can I request my transcript"
registrar,"How do I get official school records"
registrar,"Please tell me How do I get official school records"
registrar,"Can you tell me How do I get official school records"
registrar,"I want to know How do I get official school records"
registrar,"May I ask How do I get official school records"
registrar,"Where can I get a certificate of enrollment"
registrar,"Please tell me Where can I get a certificate of enrollment"
registrar,"Can you tell me Where can I get a certificate of enrollment"
registrar,"I want to know Where can I get a certificate of enrollment"
registrar,"May I ask Where can I get a certificate of enrollment"
registrar,"Where do I process document requests"
registrar,"Please tell me Where do I process document requests"
registrar,"Can you tell me Where do I process document requests"
registrar,"I want to know Where do I process document requests"
registrar,"May I ask Where do I process document requests"
registrar,"Who handles academic records"
registrar,"Please tell me Who handles academic records"
registrar,"Can you tell me Who handles academic records"
registrar,"I want to know Who handles academic records"
registrar,"May I ask Who handles academic records"
registrar,"Where can students request records"
registrar,"Please tell me Where can students request records"
registrar,"Can you tell me Where can students request records"
registrar,"I want to know Where can students request records"
registrar,"May I ask Where can students request records"
registrar,"How can I obtain school documents"
registrar,"Please tell me How can I obtain school documents"
registrar,"Can you tell me How can I obtain school documents"
registrar,"I want to know How can I obtain school documents"
registrar,"May I ask How can I obtain school documents"
registrar,"Where do I go for registrar services"
registrar,"Please tell me Where do I go for registrar services"
registrar,"Can you tell me Where do I go for registrar services"
registrar,"I want to know Where do I go for registrar services"
registrar,"May I ask Where do I go for registrar services"
registrar,"Can I ask the registrar for help"
registrar,"Please tell me Can I ask the registrar for help"
registrar,"Can you tell me Can I ask the registrar for help"
registrar,"I want to know Can I ask the registrar for help"
registrar,"May I ask Can I ask the registrar for help"
registrar,"Tell me about registrar services"
registrar,"Please tell me Tell me about registrar services"
registrar,"Can you tell me Tell me about registrar services"
registrar,"I want to know Tell me about registrar services"
registrar,"May I ask Tell me about registrar services"
guidance,"Where is the guidance office"
guidance,"Please tell me Where is the guidance office"
guidance,"Can you tell me Where is the guidance office"
guidance,"I want to know Where is the guidance office"
guidance,"May I ask Where is the guidance office"
guidance,"How can I talk to the guidance counselor"
guidance,"Please tell me How can I talk to the guidance counselor"
guidance,"Can you tell me How can I talk to the guidance counselor"
guidance,"I want to know How can I talk to the guidance counselor"
guidance,"May I ask How can I talk to the guidance counselor"
guidance,"Where can I get counseling"
guidance,"Please tell me Where can I get counseling"
guidance,"Can you tell me Where can I get counseling"
guidance,"I want to know Where can I get counseling"
guidance,"May I ask Where can I get counseling"
guidance,"Who can help me with a student concern"
guidance,"Please tell me Who can help me with a student concern"
guidance,"Can you tell me Who can help me with a student concern"
guidance,"I want to know Who can help me with a student concern"
guidance,"May I ask Who can help me with a student concern"
guidance,"Where is the counseling office"
guidance,"Please tell me Where is the counseling office"
guidance,"Can you tell me Where is the counseling office"
guidance,"I want to know Where is the counseling office"
guidance,"May I ask Where is the counseling office"
guidance,"Can students ask the counselor for help"
guidance,"Please tell me Can students ask the counselor for help"
guidance,"Can you tell me Can students ask the counselor for help"
guidance,"I want to know Can students ask the counselor for help"
guidance,"May I ask Can students ask the counselor for help"
guidance,"How do I reach the guidance office"
guidance,"Please tell me How do I reach the guidance office"
guidance,"Can you tell me How do I reach the guidance office"
guidance,"I want to know How do I reach the guidance office"
guidance,"May I ask How do I reach the guidance office"
guidance,"Who is the school counselor"
guidance,"Please tell me Who is the school counselor"
guidance,"Can you tell me Who is the school counselor"
guidance,"I want to know Who is the school counselor"
guidance,"May I ask Who is the school counselor"
guidance,"Where can I ask for guidance"
guidance,"Please tell me Where can I ask for guidance"
guidance,"Can you tell me Where can I ask for guidance"
guidance,"I want to know Where can I ask for guidance"
guidance,"May I ask Where can I ask for guidance"
guidance,"Can I speak with a counselor"
guidance,"Please tell me Can I speak with a counselor"
guidance,"Can you tell me Can I speak with a counselor"
guidance,"I want to know Can I speak with a counselor"
guidance,"May I ask Can I speak with a counselor"
guidance,"Where do I go for counseling"
guidance,"Please tell me Where do I go for counseling"
guidance,"Can you tell me Where do I go for counseling"
guidance,"I want to know Where do I go for counseling"
guidance,"May I ask Where do I go for counseling"
guidance,"How can students contact guidance"
guidance,"Please tell me How can students contact guidance"
guidance,"Can you tell me How can students contact guidance"
guidance,"I want to know How can students contact guidance"
guidance,"May I ask How can students contact guidance"
guidance,"Where is student counseling"
guidance,"Please tell me Where is student counseling"
guidance,"Can you tell me Where is student counseling"
guidance,"I want to know Where is student counseling"
guidance,"May I ask Where is student counseling"
guidance,"Who handles student guidance"
guidance,"Please tell me Who handles student guidance"
guidance,"Can you tell me Who handles student guidance"
guidance,"I want to know Who handles student guidance"
guidance,"May I ask Who handles student guidance"
guidance,"Can I get help from the guidance office"
guidance,"Please tell me Can I get help from the guidance office"
guidance,"Can you tell me Can I get help from the guidance office"
guidance,"I want to know Can I get help from the guidance office"
guidance,"May I ask Can I get help from the guidance office"
guidance,"Where can I discuss a personal concern"
guidance,"Please tell me Where can I discuss a personal concern"
guidance,"Can you tell me Where can I discuss a personal concern"
guidance,"I want to know Where can I discuss a personal concern"
guidance,"May I ask Where can I discuss a personal concern"
guidance,"How do I contact the counselor"
guidance,"Please tell me How do I contact the counselor"
guidance,"Can you tell me How do I contact the counselor"
guidance,"I want to know How do I contact the counselor"
guidance,"May I ask How do I contact the counselor"
guidance,"What does the guidance office help with"
guidance,"Please tell me What does the guidance office help with"
guidance,"Can you tell me What does the guidance office help with"
guidance,"I want to know What does the guidance office help with"
guidance,"May I ask What does the guidance office help with"
guidance,"Where can students seek counseling"
guidance,"Please tell me Where can students seek counseling"
guidance,"Can you tell me Where can students seek counseling"
guidance,"I want to know Where can students seek counseling"
guidance,"May I ask Where can students seek counseling"
guidance,"Tell me about guidance services"
guidance,"Please tell me Tell me about guidance services"
guidance,"Can you tell me Tell me about guidance services"
guidance,"I want to know Tell me about guidance services"
guidance,"May I ask Tell me about guidance services"
library,"Where is the library"
library,"Please tell me Where is the library"
library,"Can you tell me Where is the library"
library,"I want to know Where is the library"
library,"May I ask Where is the library"
library,"Where can I borrow books"
library,"Please tell me Where can I borrow books"
library,"Can you tell me Where can I borrow books"
library,"I want to know Where can I borrow books"
library,"May I ask Where can I borrow books"
library,"What time does the library open"
library,"Please tell me What time does the library open"
library,"Can you tell me What time does the library open"
library,"I want to know What time does the library open"
library,"May I ask What time does the library open"
library,"What time does the library close"
library,"Please tell me What time does the library close"
library,"Can you tell me What time does the library close"
library,"I want to know What time does the library close"
library,"May I ask What time does the library close"
library,"Can I study inside the library"
library,"Please tell me Can I study inside the library"
library,"Can you tell me Can I study inside the library"
library,"I want to know Can I study inside the library"
library,"May I ask Can I study inside the library"
library,"Where can I find books"
library,"Please tell me Where can I find books"
library,"Can you tell me Where can I find books"
library,"I want to know Where can I find books"
library,"May I ask Where can I find books"
library,"Where can I read"
library,"Please tell me Where can I read"
library,"Can you tell me Where can I read"
library,"I want to know Where can I read"
library,"May I ask Where can I read"
library,"Does the school have a library"
library,"Please tell me Does the school have a library"
library,"Can you tell me Does the school have a library"
library,"I want to know Does the school have a library"
library,"May I ask Does the school have a library"
library,"How do I get to the library"
library,"Please tell me How do I get to the library"
library,"Can you tell me How do I get to the library"
library,"I want to know How do I get to the library"
library,"May I ask How do I get to the library"
library,"Where can students read books"
library,"Please tell me Where can students read books"
library,"Can you tell me Where can students read books"
library,"I want to know Where can students read books"
library,"May I ask Where can students read books"
library,"Can students borrow books"
library,"Please tell me Can students borrow books"
library,"Can you tell me Can students borrow books"
library,"I want to know Can students borrow books"
library,"May I ask Can students borrow books"
library,"Where is the campus library"
library,"Please tell me Where is the campus library"
library,"Can you tell me Where is the campus library"
library,"I want to know Where is the campus library"
library,"May I ask Where is the campus library"
library,"How do I find the library"
library,"Please tell me How do I find the library"
library,"Can you tell me How do I find the library"
library,"I want to know How do I find the library"
library,"May I ask How do I find the library"
library,"Can I use the library"
library,"Please tell me Can I use the library"
library,"Can you tell me Can I use the library"
library,"I want to know Can I use the library"
library,"May I ask Can I use the library"
library,"Where can I study on campus"
library,"Please tell me Where can I study on campus"
library,"Can you tell me Where can I study on campus"
library,"I want to know Where can I study on campus"
library,"May I ask Where can I study on campus"
library,"How do I borrow a book"
library,"Please tell me How do I borrow a book"
library,"Can you tell me How do I borrow a book"
library,"I want to know How do I borrow a book"
library,"May I ask How do I borrow a book"
library,"Is there a place to read books"
library,"Please tell me Is there a place to read books"
library,"Can you tell me Is there a place to read books"
library,"I want to know Is there a place to read books"
library,"May I ask Is there a place to read books"
library,"Where should I go for library services"
library,"Please tell me Where should I go for library services"
library,"Can you tell me Where should I go for library services"
library,"I want to know Where should I go for library services"
library,"May I ask Where should I go for library services"
library,"Can I ask about library hours"
library,"Please tell me Can I ask about library hours"
library,"Can you tell me Can I ask about library hours"
library,"I want to know Can I ask about library hours"
library,"May I ask Can I ask about library hours"
library,"Tell me about the library"
library,"Please tell me Tell me about the library"
library,"Can you tell me Tell me about the library"
library,"I want to know Tell me about the library"
library,"May I ask Tell me about the library"
student_activities,"What student activities are available"
student_activities,"Please tell me What student activities are available"
student_activities,"Can you tell me What student activities are available"
student_activities,"I want to know What student activities are available"
student_activities,"May I ask What student activities are available"
student_activities,"What organizations can students join"
student_activities,"Please tell me What organizations can students join"
student_activities,"Can you tell me What organizations can students join"
student_activities,"I want to know What organizations can students join"
student_activities,"May I ask What organizations can students join"
student_activities,"Where can I learn about student clubs"
student_activities,"Please tell me Where can I learn about student clubs"
student_activities,"Can you tell me Where can I learn about student clubs"
student_activities,"I want to know Where can I learn about student clubs"
student_activities,"May I ask Where can I learn about student clubs"
student_activities,"Are there activities outside class"
student_activities,"Please tell me Are there activities outside class"
student_activities,"Can you tell me Are there activities outside class"
student_activities,"I want to know Are there activities outside class"
student_activities,"May I ask Are there activities outside class"
student_activities,"How can I participate in campus activities"
student_activities,"Please tell me How can I participate in campus activities"
student_activities,"Can you tell me How can I participate in campus activities"
student_activities,"I want to know How can I participate in campus activities"
student_activities,"May I ask How can I participate in campus activities"
student_activities,"What student organizations are available"
student_activities,"Please tell me What student organizations are available"
student_activities,"Can you tell me What student organizations are available"
student_activities,"I want to know What student organizations are available"
student_activities,"May I ask What student organizations are available"
student_activities,"What clubs can students join"
student_activities,"Please tell me What clubs can students join"
student_activities,"Can you tell me What clubs can students join"
student_activities,"I want to know What clubs can students join"
student_activities,"May I ask What clubs can students join"
student_activities,"How do I join a student organization"
student_activities,"Please tell me How do I join a student organization"
student_activities,"Can you tell me How do I join a student organization"
student_activities,"I want to know How do I join a student organization"
student_activities,"May I ask How do I join a student organization"
student_activities,"Where are student activities posted"
student_activities,"Please tell me Where are student activities posted"
student_activities,"Can you tell me Where are student activities posted"
student_activities,"I want to know Where are student activities posted"
student_activities,"May I ask Where are student activities posted"
student_activities,"Can I join school clubs"
student_activities,"Please tell me Can I join school clubs"
student_activities,"Can you tell me Can I join school clubs"
student_activities,"I want to know Can I join school clubs"
student_activities,"May I ask Can I join school clubs"
student_activities,"What activities can students participate in"
student_activities,"Please tell me What activities can students participate in"
student_activities,"Can you tell me What activities can students participate in"
student_activities,"I want to know What activities can students participate in"
student_activities,"May I ask What activities can students participate in"
student_activities,"Are there student organizations"
student_activities,"Please tell me Are there student organizations"
student_activities,"Can you tell me Are there student organizations"
student_activities,"I want to know Are there student organizations"
student_activities,"May I ask Are there student organizations"
student_activities,"Where can I find student clubs"
student_activities,"Please tell me Where can I find student clubs"
student_activities,"Can you tell me Where can I find student clubs"
student_activities,"I want to know Where can I find student clubs"
student_activities,"May I ask Where can I find student clubs"
student_activities,"How can I participate in student events"
student_activities,"Please tell me How can I participate in student events"
student_activities,"Can you tell me How can I participate in student events"
student_activities,"I want to know How can I participate in student events"
student_activities,"May I ask How can I participate in student events"
student_activities,"What extracurricular activities are available"
student_activities,"Please tell me What extracurricular activities are available"
student_activities,"Can you tell me What extracurricular activities are available"
student_activities,"I want to know What extracurricular activities are available"
student_activities,"May I ask What extracurricular activities are available"
student_activities,"Who handles student activities"
student_activities,"Please tell me Who handles student activities"
student_activities,"Can you tell me Who handles student activities"
student_activities,"I want to know Who handles student activities"
student_activities,"May I ask Who handles student activities"
student_activities,"Where can I ask about clubs"
student_activities,"Please tell me Where can I ask about clubs"
student_activities,"Can you tell me Where can I ask about clubs"
student_activities,"I want to know Where can I ask about clubs"
student_activities,"May I ask Where can I ask about clubs"
student_activities,"What organizations are in the school"
student_activities,"Please tell me What organizations are in the school"
student_activities,"Can you tell me What organizations are in the school"
student_activities,"I want to know What organizations are in the school"
student_activities,"May I ask What organizations are in the school"
student_activities,"How do students join activities"
student_activities,"Please tell me How do students join activities"
student_activities,"Can you tell me How do students join activities"
student_activities,"I want to know How do students join activities"
student_activities,"May I ask How do students join activities"
student_activities,"Tell me about student activities"
student_activities,"Please tell me Tell me about student activities"
student_activities,"Can you tell me Tell me about student activities"
student_activities,"I want to know Tell me about student activities"
student_activities,"May I ask Tell me about student activities"
events,"What school events are coming up"
events,"Please tell me What school events are coming up"
events,"Can you tell me What school events are coming up"
events,"I want to know What school events are coming up"
events,"May I ask What school events are coming up"
events,"Is there an upcoming campus event"
events,"Please tell me Is there an upcoming campus event"
events,"Can you tell me Is there an upcoming campus event"
events,"I want to know Is there an upcoming campus event"
events,"May I ask Is there an upcoming campus event"
events,"What is scheduled this month"
events,"Please tell me What is scheduled this month"
events,"Can you tell me What is scheduled this month"
events,"I want to know What is scheduled this month"
events,"May I ask What is scheduled this month"
events,"When is the next school activity"
events,"Please tell me When is the next school activity"
events,"Can you tell me When is the next school activity"
events,"I want to know When is the next school activity"
events,"May I ask When is the next school activity"
events,"Where can I see the school event schedule"
events,"Please tell me Where can I see the school event schedule"
events,"Can you tell me Where can I see the school event schedule"
events,"I want to know Where can I see the school event schedule"
events,"May I ask Where can I see the school event schedule"
events,"What events are happening at school"
events,"Please tell me What events are happening at school"
events,"Can you tell me What events are happening at school"
events,"I want to know What events are happening at school"
events,"May I ask What events are happening at school"
events,"Are there upcoming college activities"
events,"Please tell me Are there upcoming college activities"
events,"Can you tell me Are there upcoming college activities"
events,"I want to know Are there upcoming college activities"
events,"May I ask Are there upcoming college activities"
events,"What is the next event"
events,"Please tell me What is the next event"
events,"Can you tell me What is the next event"
events,"I want to know What is the next event"
events,"May I ask What is the next event"
events,"Where can I find event announcements"
events,"Please tell me Where can I find event announcements"
events,"Can you tell me Where can I find event announcements"
events,"I want to know Where can I find event announcements"
events,"May I ask Where can I find event announcements"
events,"When is the next campus event"
events,"Please tell me When is the next campus event"
events,"Can you tell me When is the next campus event"
events,"I want to know When is the next campus event"
events,"May I ask When is the next campus event"
events,"What activities are scheduled"
events,"Please tell me What activities are scheduled"
events,"Can you tell me What activities are scheduled"
events,"I want to know What activities are scheduled"
events,"May I ask What activities are scheduled"
events,"What events are on the calendar"
events,"Please tell me What events are on the calendar"
events,"Can you tell me What events are on the calendar"
events,"I want to know What events are on the calendar"
events,"May I ask What events are on the calendar"
events,"Where can I check school events"
events,"Please tell me Where can I check school events"
events,"Can you tell me Where can I check school events"
events,"I want to know Where can I check school events"
events,"May I ask Where can I check school events"
events,"Are there events this week"
events,"Please tell me Are there events this week"
events,"Can you tell me Are there events this week"
events,"I want to know Are there events this week"
events,"May I ask Are there events this week"
events,"Tell me about upcoming school events"
events,"Please tell me Tell me about upcoming school events"
events,"Can you tell me Tell me about upcoming school events"
events,"I want to know Tell me about upcoming school events"
events,"May I ask Tell me about upcoming school events"
events,"What is happening on campus"
events,"Please tell me What is happening on campus"
events,"Can you tell me What is happening on campus"
events,"I want to know What is happening on campus"
events,"May I ask What is happening on campus"
events,"Where can I see the event calendar"
events,"Please tell me Where can I see the event calendar"
events,"Can you tell me Where can I see the event calendar"
events,"I want to know Where can I see the event calendar"
events,"May I ask Where can I see the event calendar"
events,"When is the next college activity"
events,"Please tell me When is the next college activity"
events,"Can you tell me When is the next college activity"
events,"I want to know When is the next college activity"
events,"May I ask When is the next college activity"
events,"What school programs are scheduled"
events,"Please tell me What school programs are scheduled"
events,"Can you tell me What school programs are scheduled"
events,"I want to know What school programs are scheduled"
events,"May I ask What school programs are scheduled"
events,"Can you show me upcoming events"
events,"Please tell me Can you show me upcoming events"
events,"Can you tell me Can you show me upcoming events"
events,"I want to know Can you show me upcoming events"
events,"May I ask Can you show me upcoming events"
map,"Where is the library building"
map,"Please tell me Where is the library building"
map,"Can you tell me Where is the library building"
map,"I want to know Where is the library building"
map,"May I ask Where is the library building"
map,"How can I find a building on campus"
map,"Please tell me How can I find a building on campus"
map,"Can you tell me How can I find a building on campus"
map,"I want to know How can I find a building on campus"
map,"May I ask How can I find a building on campus"
map,"Where is a specific office located"
map,"Please tell me Where is a specific office located"
map,"Can you tell me Where is a specific office located"
map,"I want to know Where is a specific office located"
map,"May I ask Where is a specific office located"
map,"Can ASTRA show me the way around school"
map,"Please tell me Can ASTRA show me the way around school"
map,"Can you tell me Can ASTRA show me the way around school"
map,"I want to know Can ASTRA show me the way around school"
map,"May I ask Can ASTRA show me the way around school"
map,"How do I navigate to another campus building"
map,"Please tell me How do I navigate to another campus building"
map,"Can you tell me How do I navigate to another campus building"
map,"I want to know How do I navigate to another campus building"
map,"May I ask How do I navigate to another campus building"
map,"Where can I find the building I need"
map,"Please tell me Where can I find the building I need"
map,"Can you tell me Where can I find the building I need"
map,"I want to know Where can I find the building I need"
map,"May I ask Where can I find the building I need"
map,"How do I get to the office"
map,"Please tell me How do I get to the office"
map,"Can you tell me How do I get to the office"
map,"I want to know How do I get to the office"
map,"May I ask How do I get to the office"
map,"Can you show the campus map"
map,"Please tell me Can you show the campus map"
map,"Can you tell me Can you show the campus map"
map,"I want to know Can you show the campus map"
map,"May I ask Can you show the campus map"
map,"Where is this building"
map,"Please tell me Where is this building"
map,"Can you tell me Where is this building"
map,"I want to know Where is this building"
map,"May I ask Where is this building"
map,"How do I find a room"
map,"Please tell me How do I find a room"
map,"Can you tell me How do I find a room"
map,"I want to know How do I find a room"
map,"May I ask How do I find a room"
map,"How can I navigate the campus"
map,"Please tell me How can I navigate the campus"
map,"Can you tell me How can I navigate the campus"
map,"I want to know How can I navigate the campus"
map,"May I ask How can I navigate the campus"
map,"Where can I find an office"
map,"Please tell me Where can I find an office"
map,"Can you tell me Where can I find an office"
map,"I want to know Where can I find an office"
map,"May I ask Where can I find an office"
map,"Show me the school map"
map,"Please tell me Show me the school map"
map,"Can you tell me Show me the school map"
map,"I want to know Show me the school map"
map,"May I ask Show me the school map"
map,"How do I get from one building to another"
map,"Please tell me How do I get from one building to another"
map,"Can you tell me How do I get from one building to another"
map,"I want to know How do I get from one building to another"
map,"May I ask How do I get from one building to another"
map,"Where is the destination on campus"
map,"Please tell me Where is the destination on campus"
map,"Can you tell me Where is the destination on campus"
map,"I want to know Where is the destination on campus"
map,"May I ask Where is the destination on campus"
map,"Can ASTRA guide me around campus"
map,"Please tell me Can ASTRA guide me around campus"
map,"Can you tell me Can ASTRA guide me around campus"
map,"I want to know Can ASTRA guide me around campus"
map,"May I ask Can ASTRA guide me around campus"
map,"How can I locate a school facility"
map,"Please tell me How can I locate a school facility"
map,"Can you tell me How can I locate a school facility"
map,"I want to know How can I locate a school facility"
map,"May I ask How can I locate a school facility"
map,"Where can I find a classroom"
map,"Please tell me Where can I find a classroom"
map,"Can you tell me Where can I find a classroom"
map,"I want to know Where can I find a classroom"
map,"May I ask Where can I find a classroom"
map,"How do I navigate inside the campus"
map,"Please tell me How do I navigate inside the campus"
map,"Can you tell me How do I navigate inside the campus"
map,"I want to know How do I navigate inside the campus"
map,"May I ask How do I navigate inside the campus"
map,"Tell me how to find a building"
map,"Please tell me Tell me how to find a building"
map,"Can you tell me Tell me how to find a building"
map,"I want to know Tell me how to find a building"
map,"May I ask Tell me how to find a building"
personnel,"Who are the faculty members"
personnel,"Please tell me Who are the faculty members"
personnel,"Can you tell me Who are the faculty members"
personnel,"I want to know Who are the faculty members"
personnel,"May I ask Who are the faculty members"
personnel,"Which staff member works in this office"
personnel,"Please tell me Which staff member works in this office"
personnel,"Can you tell me Which staff member works in this office"
personnel,"I want to know Which staff member works in this office"
personnel,"May I ask Which staff member works in this office"
personnel,"Can I find information about school personnel"
personnel,"Please tell me Can I find information about school personnel"
personnel,"Can you tell me Can I find information about school personnel"
personnel,"I want to know Can I find information about school personnel"
personnel,"May I ask Can I find information about school personnel"
personnel,"Who is assigned to a department"
personnel,"Please tell me Who is assigned to a department"
personnel,"Can you tell me Who is assigned to a department"
personnel,"I want to know Who is assigned to a department"
personnel,"May I ask Who is assigned to a department"
personnel,"Where can I view the faculty directory"
personnel,"Please tell me Where can I view the faculty directory"
personnel,"Can you tell me Where can I view the faculty directory"
personnel,"I want to know Where can I view the faculty directory"
personnel,"May I ask Where can I view the faculty directory"
personnel,"Who are the school employees"
personnel,"Please tell me Who are the school employees"
personnel,"Can you tell me Who are the school employees"
personnel,"I want to know Who are the school employees"
personnel,"May I ask Who are the school employees"
personnel,"Who works in the college"
personnel,"Please tell me Who works in the college"
personnel,"Can you tell me Who works in the college"
personnel,"I want to know Who works in the college"
personnel,"May I ask Who works in the college"
personnel,"Where can I find faculty information"
personnel,"Please tell me Where can I find faculty information"
personnel,"Can you tell me Where can I find faculty information"
personnel,"I want to know Where can I find faculty information"
personnel,"May I ask Where can I find faculty information"
personnel,"Who is the department staff"
personnel,"Please tell me Who is the department staff"
personnel,"Can you tell me Who is the department staff"
personnel,"I want to know Who is the department staff"
personnel,"May I ask Who is the department staff"
personnel,"Can I see the personnel list"
personnel,"Please tell me Can I see the personnel list"
personnel,"Can you tell me Can I see the personnel list"
personnel,"I want to know Can I see the personnel list"
personnel,"May I ask Can I see the personnel list"
personnel,"Who is the teacher in this department"
personnel,"Please tell me Who is the teacher in this department"
personnel,"Can you tell me Who is the teacher in this department"
personnel,"I want to know Who is the teacher in this department"
personnel,"May I ask Who is the teacher in this department"
personnel,"Where can I find staff details"
personnel,"Please tell me Where can I find staff details"
personnel,"Can you tell me Where can I find staff details"
personnel,"I want to know Where can I find staff details"
personnel,"May I ask Where can I find staff details"
personnel,"Who handles this office"
personnel,"Please tell me Who handles this office"
personnel,"Can you tell me Who handles this office"
personnel,"I want to know Who handles this office"
personnel,"May I ask Who handles this office"
personnel,"Who are the school personnel"
personnel,"Please tell me Who are the school personnel"
personnel,"Can you tell me Who are the school personnel"
personnel,"I want to know Who are the school personnel"
personnel,"May I ask Who are the school personnel"
personnel,"Where can I see faculty names"
personnel,"Please tell me Where can I see faculty names"
personnel,"Can you tell me Where can I see faculty names"
personnel,"I want to know Where can I see faculty names"
personnel,"May I ask Where can I see faculty names"
personnel,"Can you show the staff directory"
personnel,"Please tell me Can you show the staff directory"
personnel,"Can you tell me Can you show the staff directory"
personnel,"I want to know Can you show the staff directory"
personnel,"May I ask Can you show the staff directory"
personnel,"Which employees work at the school"
personnel,"Please tell me Which employees work at the school"
personnel,"Can you tell me Which employees work at the school"
personnel,"I want to know Which employees work at the school"
personnel,"May I ask Which employees work at the school"
personnel,"Who belongs to this department"
personnel,"Please tell me Who belongs to this department"
personnel,"Can you tell me Who belongs to this department"
personnel,"I want to know Who belongs to this department"
personnel,"May I ask Who belongs to this department"
personnel,"Where can I ask about personnel"
personnel,"Please tell me Where can I ask about personnel"
personnel,"Can you tell me Where can I ask about personnel"
personnel,"I want to know Where can I ask about personnel"
personnel,"May I ask Where can I ask about personnel"
personnel,"Tell me about the college staff"
personnel,"Please tell me Tell me about the college staff"
personnel,"Can you tell me Tell me about the college staff"
personnel,"I want to know Tell me about the college staff"
personnel,"May I ask Tell me about the college staff"
emergency,"What should I do during a campus emergency"
emergency,"Please tell me What should I do during a campus emergency"
emergency,"Can you tell me What should I do during a campus emergency"
emergency,"I want to know What should I do during a campus emergency"
emergency,"May I ask What should I do during a campus emergency"
emergency,"Who should I contact during an emergency"
emergency,"Please tell me Who should I contact during an emergency"
emergency,"Can you tell me Who should I contact during an emergency"
emergency,"I want to know Who should I contact during an emergency"
emergency,"May I ask Who should I contact during an emergency"
emergency,"Where can I get emergency assistance"
emergency,"Please tell me Where can I get emergency assistance"
emergency,"Can you tell me Where can I get emergency assistance"
emergency,"I want to know Where can I get emergency assistance"
emergency,"May I ask Where can I get emergency assistance"
emergency,"What number should I use for urgent help"
emergency,"Please tell me What number should I use for urgent help"
emergency,"Can you tell me What number should I use for urgent help"
emergency,"I want to know What number should I use for urgent help"
emergency,"May I ask What number should I use for urgent help"
emergency,"How do I report an emergency on campus"
emergency,"Please tell me How do I report an emergency on campus"
emergency,"Can you tell me How do I report an emergency on campus"
emergency,"I want to know How do I report an emergency on campus"
emergency,"May I ask How do I report an emergency on campus"
emergency,"What should I do if there is an emergency"
emergency,"Please tell me What should I do if there is an emergency"
emergency,"Can you tell me What should I do if there is an emergency"
emergency,"I want to know What should I do if there is an emergency"
emergency,"May I ask What should I do if there is an emergency"
emergency,"Where can I get urgent assistance"
emergency,"Please tell me Where can I get urgent assistance"
emergency,"Can you tell me Where can I get urgent assistance"
emergency,"I want to know Where can I get urgent assistance"
emergency,"May I ask Where can I get urgent assistance"
emergency,"Who do I call for an emergency"
emergency,"Please tell me Who do I call for an emergency"
emergency,"Can you tell me Who do I call for an emergency"
emergency,"I want to know Who do I call for an emergency"
emergency,"May I ask Who do I call for an emergency"
emergency,"How can I report an emergency"
emergency,"Please tell me How can I report an emergency"
emergency,"Can you tell me How can I report an emergency"
emergency,"I want to know How can I report an emergency"
emergency,"May I ask How can I report an emergency"
emergency,"What are the emergency contacts"
emergency,"Please tell me What are the emergency contacts"
emergency,"Can you tell me What are the emergency contacts"
emergency,"I want to know What are the emergency contacts"
emergency,"May I ask What are the emergency contacts"
emergency,"Where is emergency assistance"
emergency,"Please tell me Where is emergency assistance"
emergency,"Can you tell me Where is emergency assistance"
emergency,"I want to know Where is emergency assistance"
emergency,"May I ask Where is emergency assistance"
emergency,"Who handles emergencies at school"
emergency,"Please tell me Who handles emergencies at school"
emergency,"Can you tell me Who handles emergencies at school"
emergency,"I want to know Who handles emergencies at school"
emergency,"May I ask Who handles emergencies at school"
emergency,"What should students do in an emergency"
emergency,"Please tell me What should students do in an emergency"
emergency,"Can you tell me What should students do in an emergency"
emergency,"I want to know What should students do in an emergency"
emergency,"May I ask What should students do in an emergency"
emergency,"How do I get help quickly on campus"
emergency,"Please tell me How do I get help quickly on campus"
emergency,"Can you tell me How do I get help quickly on campus"
emergency,"I want to know How do I get help quickly on campus"
emergency,"May I ask How do I get help quickly on campus"
emergency,"Where can I ask for emergency help"
emergency,"Please tell me Where can I ask for emergency help"
emergency,"Can you tell me Where can I ask for emergency help"
emergency,"I want to know Where can I ask for emergency help"
emergency,"May I ask Where can I ask for emergency help"
emergency,"What is the emergency procedure"
emergency,"Please tell me What is the emergency procedure"
emergency,"Can you tell me What is the emergency procedure"
emergency,"I want to know What is the emergency procedure"
emergency,"May I ask What is the emergency procedure"
emergency,"Who should I notify during an emergency"
emergency,"Please tell me Who should I notify during an emergency"
emergency,"Can you tell me Who should I notify during an emergency"
emergency,"I want to know Who should I notify during an emergency"
emergency,"May I ask Who should I notify during an emergency"
emergency,"How can I contact emergency services"
emergency,"Please tell me How can I contact emergency services"
emergency,"Can you tell me How can I contact emergency services"
emergency,"I want to know How can I contact emergency services"
emergency,"May I ask How can I contact emergency services"
emergency,"Where can I find emergency information"
emergency,"Please tell me Where can I find emergency information"
emergency,"Can you tell me Where can I find emergency information"
emergency,"I want to know Where can I find emergency information"
emergency,"May I ask Where can I find emergency information"
emergency,"Tell me about campus emergency help"
emergency,"Please tell me Tell me about campus emergency help"
emergency,"Can you tell me Tell me about campus emergency help"
emergency,"I want to know Tell me about campus emergency help"
emergency,"May I ask Tell me about campus emergency help"
food,"Where can students buy food"
food,"Please tell me Where can students buy food"
food,"Can you tell me Where can students buy food"
food,"I want to know Where can students buy food"
food,"May I ask Where can students buy food"
food,"Is there a place to eat inside the school"
food,"Please tell me Is there a place to eat inside the school"
food,"Can you tell me Is there a place to eat inside the school"
food,"I want to know Is there a place to eat inside the school"
food,"May I ask Is there a place to eat inside the school"
food,"Where is the campus food area"
food,"Please tell me Where is the campus food area"
food,"Can you tell me Where is the campus food area"
food,"I want to know Where is the campus food area"
food,"May I ask Where is the campus food area"
food,"Can I buy snacks at school"
food,"Please tell me Can I buy snacks at school"
food,"Can you tell me Can I buy snacks at school"
food,"I want to know Can I buy snacks at school"
food,"May I ask Can I buy snacks at school"
food,"What food options are available"
food,"Please tell me What food options are available"
food,"Can you tell me What food options are available"
food,"I want to know What food options are available"
food,"May I ask What food options are available"
food,"Where can I get food on campus"
food,"Please tell me Where can I get food on campus"
food,"Can you tell me Where can I get food on campus"
food,"I want to know Where can I get food on campus"
food,"May I ask Where can I get food on campus"
food,"Is there a cafeteria"
food,"Please tell me Is there a cafeteria"
food,"Can you tell me Is there a cafeteria"
food,"I want to know Is there a cafeteria"
food,"May I ask Is there a cafeteria"
food,"Where can students eat"
food,"Please tell me Where can students eat"
food,"Can you tell me Where can students eat"
food,"I want to know Where can students eat"
food,"May I ask Where can students eat"
food,"Where can I buy snacks"
food,"Please tell me Where can I buy snacks"
food,"Can you tell me Where can I buy snacks"
food,"I want to know Where can I buy snacks"
food,"May I ask Where can I buy snacks"
food,"What places sell food at school"
food,"Please tell me What places sell food at school"
food,"Can you tell me What places sell food at school"
food,"I want to know What places sell food at school"
food,"May I ask What places sell food at school"
food,"Where is the canteen"
food,"Please tell me Where is the canteen"
food,"Can you tell me Where is the canteen"
food,"I want to know Where is the canteen"
food,"May I ask Where is the canteen"
food,"Can I buy lunch on campus"
food,"Please tell me Can I buy lunch on campus"
food,"Can you tell me Can I buy lunch on campus"
food,"I want to know Can I buy lunch on campus"
food,"May I ask Can I buy lunch on campus"
food,"Where do students get meals"
food,"Please tell me Where do students get meals"
food,"Can you tell me Where do students get meals"
food,"I want to know Where do students get meals"
food,"May I ask Where do students get meals"
food,"Are there food stalls at school"
food,"Please tell me Are there food stalls at school"
food,"Can you tell me Are there food stalls at school"
food,"I want to know Are there food stalls at school"
food,"May I ask Are there food stalls at school"
food,"Where can I eat during break"
food,"Please tell me Where can I eat during break"
food,"Can you tell me Where can I eat during break"
food,"I want to know Where can I eat during break"
food,"May I ask Where can I eat during break"
food,"What food services are available"
food,"Please tell me What food services are available"
food,"Can you tell me What food services are available"
food,"I want to know What food services are available"
food,"May I ask What food services are available"
food,"Where can I purchase drinks and snacks"
food,"Please tell me Where can I purchase drinks and snacks"
food,"Can you tell me Where can I purchase drinks and snacks"
food,"I want to know Where can I purchase drinks and snacks"
food,"May I ask Where can I purchase drinks and snacks"
food,"Can students buy food inside campus"
food,"Please tell me Can students buy food inside campus"
food,"Can you tell me Can students buy food inside campus"
food,"I want to know Can students buy food inside campus"
food,"May I ask Can students buy food inside campus"
food,"Where is the school cafeteria"
food,"Please tell me Where is the school cafeteria"
food,"Can you tell me Where is the school cafeteria"
food,"I want to know Where is the school cafeteria"
food,"May I ask Where is the school cafeteria"
food,"Tell me about food options"
food,"Please tell me Tell me about food options"
food,"Can you tell me Tell me about food options"
food,"I want to know Tell me about food options"
food,"May I ask Tell me about food options"
computer_lab,"Where can I use a school computer"
computer_lab,"Please tell me Where can I use a school computer"
computer_lab,"Can you tell me Where can I use a school computer"
computer_lab,"I want to know Where can I use a school computer"
computer_lab,"May I ask Where can I use a school computer"
computer_lab,"Is there a computer laboratory on campus"
computer_lab,"Please tell me Is there a computer laboratory on campus"
computer_lab,"Can you tell me Is there a computer laboratory on campus"
computer_lab,"I want to know Is there a computer laboratory on campus"
computer_lab,"May I ask Is there a computer laboratory on campus"
computer_lab,"Where are the computers for student use"
computer_lab,"Please tell me Where are the computers for student use"
computer_lab,"Can you tell me Where are the computers for student use"
computer_lab,"I want to know Where are the computers for student use"
computer_lab,"May I ask Where are the computers for student use"
computer_lab,"Can students use the computer lab"
computer_lab,"Please tell me Can students use the computer lab"
computer_lab,"Can you tell me Can students use the computer lab"
computer_lab,"I want to know Can students use the computer lab"
computer_lab,"May I ask Can students use the computer lab"
computer_lab,"How do I find the campus computer laboratory"
computer_lab,"Please tell me How do I find the campus computer laboratory"
computer_lab,"Can you tell me How do I find the campus computer laboratory"
computer_lab,"I want to know How do I find the campus computer laboratory"
computer_lab,"May I ask How do I find the campus computer laboratory"
computer_lab,"Where is the computer lab"
computer_lab,"Please tell me Where is the computer lab"
computer_lab,"Can you tell me Where is the computer lab"
computer_lab,"I want to know Where is the computer lab"
computer_lab,"May I ask Where is the computer lab"
computer_lab,"Can I use a computer at school"
computer_lab,"Please tell me Can I use a computer at school"
computer_lab,"Can you tell me Can I use a computer at school"
computer_lab,"I want to know Can I use a computer at school"
computer_lab,"May I ask Can I use a computer at school"
computer_lab,"Where can I access computers"
computer_lab,"Please tell me Where can I access computers"
computer_lab,"Can you tell me Where can I access computers"
computer_lab,"I want to know Where can I access computers"
computer_lab,"May I ask Where can I access computers"
computer_lab,"What computer laboratories are available"
computer_lab,"Please tell me What computer laboratories are available"
computer_lab,"Can you tell me What computer laboratories are available"
computer_lab,"I want to know What computer laboratories are available"
computer_lab,"May I ask What computer laboratories are available"
computer_lab,"Where can students use computers"
computer_lab,"Please tell me Where can students use computers"
computer_lab,"Can you tell me Where can students use computers"
computer_lab,"I want to know Where can students use computers"
computer_lab,"May I ask Where can students use computers"
computer_lab,"How do I get to the computer lab"
computer_lab,"Please tell me How do I get to the computer lab"
computer_lab,"Can you tell me How do I get to the computer lab"
computer_lab,"I want to know How do I get to the computer lab"
computer_lab,"May I ask How do I get to the computer lab"
computer_lab,"Can students enter the computer laboratory"
computer_lab,"Please tell me Can students enter the computer laboratory"
computer_lab,"Can you tell me Can students enter the computer laboratory"
computer_lab,"I want to know Can students enter the computer laboratory"
computer_lab,"May I ask Can students enter the computer laboratory"
computer_lab,"Where is the school computer room"
computer_lab,"Please tell me Where is the school computer room"
computer_lab,"Can you tell me Where is the school computer room"
computer_lab,"I want to know Where is the school computer room"
computer_lab,"May I ask Where is the school computer room"
computer_lab,"Where can I do computer work"
computer_lab,"Please tell me Where can I do computer work"
computer_lab,"Can you tell me Where can I do computer work"
computer_lab,"I want to know Where can I do computer work"
computer_lab,"May I ask Where can I do computer work"
computer_lab,"Is there a lab for students"
computer_lab,"Please tell me Is there a lab for students"
computer_lab,"Can you tell me Is there a lab for students"
computer_lab,"I want to know Is there a lab for students"
computer_lab,"May I ask Is there a lab for students"
computer_lab,"Where can I use campus computers"
computer_lab,"Please tell me Where can I use campus computers"
computer_lab,"Can you tell me Where can I use campus computers"
computer_lab,"I want to know Where can I use campus computers"
computer_lab,"May I ask Where can I use campus computers"
computer_lab,"How can I access the computer laboratory"
computer_lab,"Please tell me How can I access the computer laboratory"
computer_lab,"Can you tell me How can I access the computer laboratory"
computer_lab,"I want to know How can I access the computer laboratory"
computer_lab,"May I ask How can I access the computer laboratory"
computer_lab,"What are the computer lab facilities"
computer_lab,"Please tell me What are the computer lab facilities"
computer_lab,"Can you tell me What are the computer lab facilities"
computer_lab,"I want to know What are the computer lab facilities"
computer_lab,"May I ask What are the computer lab facilities"
computer_lab,"Where should I go to use a computer"
computer_lab,"Please tell me Where should I go to use a computer"
computer_lab,"Can you tell me Where should I go to use a computer"
computer_lab,"I want to know Where should I go to use a computer"
computer_lab,"May I ask Where should I go to use a computer"
computer_lab,"Tell me about the computer lab"
computer_lab,"Please tell me Tell me about the computer lab"
computer_lab,"Can you tell me Tell me about the computer lab"
computer_lab,"I want to know Tell me about the computer lab"
computer_lab,"May I ask Tell me about the computer lab"
scholarship,"What scholarships are available"
scholarship,"Please tell me What scholarships are available"
scholarship,"Can you tell me What scholarships are available"
scholarship,"I want to know What scholarships are available"
scholarship,"May I ask What scholarships are available"
scholarship,"How can I apply for a scholarship"
scholarship,"Please tell me How can I apply for a scholarship"
scholarship,"Can you tell me How can I apply for a scholarship"
scholarship,"I want to know How can I apply for a scholarship"
scholarship,"May I ask How can I apply for a scholarship"
scholarship,"Are there scholarships at the college"
scholarship,"Please tell me Are there scholarships at the college"
scholarship,"Can you tell me Are there scholarships at the college"
scholarship,"I want to know Are there scholarships at the college"
scholarship,"May I ask Are there scholarships at the college"
scholarship,"Where can I ask about scholarships"
scholarship,"Please tell me Where can I ask about scholarships"
scholarship,"Can you tell me Where can I ask about scholarships"
scholarship,"I want to know Where can I ask about scholarships"
scholarship,"May I ask Where can I ask about scholarships"
scholarship,"What financial aid can students apply for"
scholarship,"Please tell me What financial aid can students apply for"
scholarship,"Can you tell me What financial aid can students apply for"
scholarship,"I want to know What financial aid can students apply for"
scholarship,"May I ask What financial aid can students apply for"
scholarship,"How do I apply for student assistance"
scholarship,"Please tell me How do I apply for student assistance"
scholarship,"Can you tell me How do I apply for student assistance"
scholarship,"I want to know How do I apply for student assistance"
scholarship,"May I ask How do I apply for student assistance"
scholarship,"What scholarship opportunities are offered"
scholarship,"Please tell me What scholarship opportunities are offered"
scholarship,"Can you tell me What scholarship opportunities are offered"
scholarship,"I want to know What scholarship opportunities are offered"
scholarship,"May I ask What scholarship opportunities are offered"
scholarship,"Where can I get scholarship information"
scholarship,"Please tell me Where can I get scholarship information"
scholarship,"Can you tell me Where can I get scholarship information"
scholarship,"I want to know Where can I get scholarship information"
scholarship,"May I ask Where can I get scholarship information"
scholarship,"Can students receive financial assistance"
scholarship,"Please tell me Can students receive financial assistance"
scholarship,"Can you tell me Can students receive financial assistance"
scholarship,"I want to know Can students receive financial assistance"
scholarship,"May I ask Can students receive financial assistance"
scholarship,"What grants or scholarships are available"
scholarship,"Please tell me What grants or scholarships are available"
scholarship,"Can you tell me What grants or scholarships are available"
scholarship,"I want to know What grants or scholarships are available"
scholarship,"May I ask What grants or scholarships are available"
scholarship,"How can students get financial aid"
scholarship,"Please tell me How can students get financial aid"
scholarship,"Can you tell me How can students get financial aid"
scholarship,"I want to know How can students get financial aid"
scholarship,"May I ask How can students get financial aid"
scholarship,"Where is the scholarship office"
scholarship,"Please tell me Where is the scholarship office"
scholarship,"Can you tell me Where is the scholarship office"
scholarship,"I want to know Where is the scholarship office"
scholarship,"May I ask Where is the scholarship office"
scholarship,"Who handles scholarship concerns"
scholarship,"Please tell me Who handles scholarship concerns"
scholarship,"Can you tell me Who handles scholarship concerns"
scholarship,"I want to know Who handles scholarship concerns"
scholarship,"May I ask Who handles scholarship concerns"
scholarship,"What are the scholarship options"
scholarship,"Please tell me What are the scholarship options"
scholarship,"Can you tell me What are the scholarship options"
scholarship,"I want to know What are the scholarship options"
scholarship,"May I ask What are the scholarship options"
scholarship,"Can I apply for school financial aid"
scholarship,"Please tell me Can I apply for school financial aid"
scholarship,"Can you tell me Can I apply for school financial aid"
scholarship,"I want to know Can I apply for school financial aid"
scholarship,"May I ask Can I apply for school financial aid"
scholarship,"Where can I learn about student assistance"
scholarship,"Please tell me Where can I learn about student assistance"
scholarship,"Can you tell me Where can I learn about student assistance"
scholarship,"I want to know Where can I learn about student assistance"
scholarship,"May I ask Where can I learn about student assistance"
scholarship,"Are there financial aid programs"
scholarship,"Please tell me Are there financial aid programs"
scholarship,"Can you tell me Are there financial aid programs"
scholarship,"I want to know Are there financial aid programs"
scholarship,"May I ask Are there financial aid programs"
scholarship,"How do I request scholarship information"
scholarship,"Please tell me How do I request scholarship information"
scholarship,"Can you tell me How do I request scholarship information"
scholarship,"I want to know How do I request scholarship information"
scholarship,"May I ask How do I request scholarship information"
scholarship,"What assistance can students receive"
scholarship,"Please tell me What assistance can students receive"
scholarship,"Can you tell me What assistance can students receive"
scholarship,"I want to know What assistance can students receive"
scholarship,"May I ask What assistance can students receive"
scholarship,"Tell me about scholarships"
scholarship,"Please tell me Tell me about scholarships"
scholarship,"Can you tell me Tell me about scholarships"
scholarship,"I want to know Tell me about scholarships"
scholarship,"May I ask Tell me about scholarships"
admission,"Ano ang requirements para sa admission?"
admission,"Paano po mag-apply sa college?"
tuition,"Magkano po ang tuition?"
tuition,"Saan po magbabayad ng tuition?"
courses,"Anong courses po ang available?"
enrollment,"Paano po mag-enroll?"
registrar,"Saan po ang registrar?"
guidance,"Saan po ang guidance office?"
library,"Saan po ang library?"
student_activities,"Anong student activities ang meron?"
events,"Ano po ang mga upcoming events?"
map,"Saan po ang building?"
personnel,"Sino po ang mga personnel?"
emergency,"Sino po ang tatawagan sa emergency?"
food,"Saan po puwedeng bumili ng pagkain?"
computer_lab,"Saan po ang computer laboratory?"
scholarship,"May scholarship po ba?"
